list,parent
2600_meetings,etc/meatspace/events/meetups
academics,etc/people
android,rabbitholes/platforms/mobile
antivirus,rabbitholes/defensive/malware
appsec,rabbitholes/technical_domains
audio,etc/education/multimedia
badgelife,etc/culture
biohacking,rabbitholes/technical_domains
blue_team,rabbitholes/defensive
botspawn,etc/culture
bsd,rabbitholes/platforms/*nix
bsides,etc/meatspace/events/cons
bug_bounty,rabbitholes/offensive
car_hacking,rabbitholes/technical_domains
charities+non-profits,etc/teamwork
cloud,rabbitholes/platforms
comics,etc/culture/art
cryptography,rabbitholes/technical_domains
ctf_teams,etc/teamwork
ctf,rabbitholes/technical_domains
cybercrime,rabbitholes/defensive
defcon_local_chapters,etc/meatspace/events/meetups
devsecops,rabbitholes/defensive
dfir,rabbitholes/defensive
embedded,rabbitholes/technical_domains
exploit_development,rabbitholes/offensive/vulnerability_discovery
game_console_hacking,rabbitholes/technical_domains
generative,etc/culture/art
groups+collectives,etc/teamwork
hacker_cons,etc/meatspace/events/cons
hacker_cons|europe,etc/meatspace/events/cons
hacker_cons|rest_of_the_world,etc/meatspace/events/cons
hacker_cons|usa+canada,etc/meatspace/events/cons
hackerspaces,etc/meatspace
hackerspaces|europe,etc/meatspace/hackerspaces/europe
hackerspaces|rest_of_the_world,etc/meatspace/hackerspaces
hackerspaces|usa+canada,etc/meatspace/
hardware_hacking,rabbitholes/technical_domains
hashcracking,rabbitholes/offensive
history,etc/culture
ics,rabbitholes/technical_domains
infosec_pr,etc/teamwork/companies
initiatives,etc/teamwork
ios+watchos+tvos,rabbitholes/platforms/apple
jokes+parodies,etc/culture
journalists,etc/people
kernels,etc/people
lateral,etc/people
law,etc/people
learning_resources,etc/education
linux,rabbitholes/platforms/*nix
livestreams,etc/education/multimedia
living_off_the_land,rabbitholes/offensive/vulnerability_discovery
locksport,etc/meatspace/events/meetups
locksport,rabbitholes/technical_domains
mainframe,rabbitholes/platforms
malware_analysis,rabbitholes/defensive/malware
management,etc/people
medsec,rabbitholes/technical_domains
ml+ai+da,rabbitholes/technical_domains
music,etc/culture
netsec,rabbitholes/technical_domains
news,etc/education
nsm+ids+ips,rabbitholes/defensive
old_school,etc/people
os_x,rabbitholes/platforms/apple
osint+recon,rabbitholes/technical_domains
penetration_testing,rabbitholes/offensive
purple_team,rabbitholes/purple
red_team,rabbitholes/offensive
regional_meetups,etc/meatspace/events/meetups
resource_aggregators,etc/education
retro_computing,rabbitholes/platforms
retro,etc/culture/art
reverse_engineering,rabbitholes/technical_domains
social_engineering,rabbitholes/offensive
soft_skills,rabbitholes/defensive
staff+goons,etc/meatspace/events/cons/con-specific
technical_research,etc/teamwork/companies
threat_hunting,rabbitholes/defensive
threat_intelligence,rabbitholes/defensive/malware
tool_developers,etc/education/tools
tools,etc/education/tools
unix,rabbitholes/platforms/*nix
video,etc/education/multimedia
villages+etc,etc/meatspace/events/cons/con-specific
vulnerability_management,rabbitholes/defensive
wat,etc/culture/misc/other
windows,rabbitholes/platforms
wireless+sdr+rf,rabbitholes/technical_domains
