list,"screen_name"
"etc_meatspace_cons--meetups","_DC818_"
"etc_meatspace_cons--meetups","_DEAFCON_"
"etc_meatspace_cons--meetups",44CON
"etc_meatspace_cons--meetups",AppSecEU
"etc_meatspace_cons--meetups",appsecusa
"etc_meatspace_cons--meetups",AustinHackers
"etc_meatspace_cons--meetups",BASConf
"etc_meatspace_cons--meetups",BatConf
"etc_meatspace_cons--meetups",BlackHatEvents
"etc_meatspace_cons--meetups","BSides_NoVA"
"etc_meatspace_cons--meetups",BSidesAMS
"etc_meatspace_cons--meetups",BSidesAugusta
"etc_meatspace_cons--meetups",BSidesAustin
"etc_meatspace_cons--meetups",BSidesAVL
"etc_meatspace_cons--meetups",BSidesBoise
"etc_meatspace_cons--meetups",BsidesBoston
"etc_meatspace_cons--meetups",BSidesBus
"etc_meatspace_cons--meetups",BSidesCharm
"etc_meatspace_cons--meetups",BSidesChicago
"etc_meatspace_cons--meetups",BSidesCHS
"etc_meatspace_cons--meetups",bsidescincy
"etc_meatspace_cons--meetups",BSidesCleveland
"etc_meatspace_cons--meetups",BsidesDC
"etc_meatspace_cons--meetups",BSidesDE
"etc_meatspace_cons--meetups",BSidesDEN
"etc_meatspace_cons--meetups",BSidesDetroit
"etc_meatspace_cons--meetups",BSidesDFW
"etc_meatspace_cons--meetups",BSidesJackson
"etc_meatspace_cons--meetups",BSidesLeeds
"etc_meatspace_cons--meetups",Bsideslisbon
"etc_meatspace_cons--meetups",BSidesLondon
"etc_meatspace_cons--meetups",BSidesLV
"etc_meatspace_cons--meetups",BSidesMCR
"etc_meatspace_cons--meetups",BSidesNOLA
"etc_meatspace_cons--meetups",BSidesPGH
"etc_meatspace_cons--meetups",BSidesPhilly
"etc_meatspace_cons--meetups",BSidesRaleigh
"etc_meatspace_cons--meetups",BSidesSATX
"etc_meatspace_cons--meetups",BsidesSLC
"etc_meatspace_cons--meetups",BurbsecCon
"etc_meatspace_cons--meetups",BurbsecEast
"etc_meatspace_cons--meetups",BurbSecNorth
"etc_meatspace_cons--meetups",BurbsecPrime
"etc_meatspace_cons--meetups",BurbSecWest
"etc_meatspace_cons--meetups",CactusCon
"etc_meatspace_cons--meetups",CarHackVillage
"etc_meatspace_cons--meetups","cfp_time"
"etc_meatspace_cons--meetups",chaosupdates
"etc_meatspace_cons--meetups",chicurity
"etc_meatspace_cons--meetups",CircleCityCon
"etc_meatspace_cons--meetups",ConvergeDetroit
"etc_meatspace_cons--meetups",CppCon
"etc_meatspace_cons--meetups",Cs3Sthlm
"etc_meatspace_cons--meetups",CypherCon
"etc_meatspace_cons--meetups",CypherconBHV
"etc_meatspace_cons--meetups","dc_603"
"etc_meatspace_cons--meetups","DC_BHV"
"etc_meatspace_cons--meetups",DC25SilentParty
"etc_meatspace_cons--meetups",DC441392
"etc_meatspace_cons--meetups",DC44141
"etc_meatspace_cons--meetups",dc441452
"etc_meatspace_cons--meetups",DC4420
"etc_meatspace_cons--meetups",DC4919
"etc_meatspace_cons--meetups",DC612
"etc_meatspace_cons--meetups",dc713hou
"etc_meatspace_cons--meetups",DC7499
"etc_meatspace_cons--meetups",dc801
"etc_meatspace_cons--meetups",dc858
"etc_meatspace_cons--meetups",DC949
"etc_meatspace_cons--meetups",DCG509
"etc_meatspace_cons--meetups",DCGroup775
"etc_meatspace_cons--meetups",dcib
"etc_meatspace_cons--meetups",dcskytalks
"etc_meatspace_cons--meetups",defcoin
"etc_meatspace_cons--meetups",defcon
"etc_meatspace_cons--meetups","defcon_beard"
"etc_meatspace_cons--meetups","defcon_toronto"
"etc_meatspace_cons--meetups",defcon201nj
"etc_meatspace_cons--meetups",defcon225
"etc_meatspace_cons--meetups",defcon310
"etc_meatspace_cons--meetups",defcon5527
"etc_meatspace_cons--meetups",defcon615
"etc_meatspace_cons--meetups",defcon617
"etc_meatspace_cons--meetups",Defcon828
"etc_meatspace_cons--meetups",defcondoc
"etc_meatspace_cons--meetups",defcongroups
"etc_meatspace_cons--meetups",defconparties
"etc_meatspace_cons--meetups",DefconRussia
"etc_meatspace_cons--meetups",DefConScavHunt
"etc_meatspace_cons--meetups",DenverSec
"etc_meatspace_cons--meetups",DerbyCon
"etc_meatspace_cons--meetups",DrunkHackerHist
"etc_meatspace_cons--meetups",EdgeSecurityCon
"etc_meatspace_cons--meetups",ekoparty
"etc_meatspace_cons--meetups",EmpireHacking
"etc_meatspace_cons--meetups",enigmaconf
"etc_meatspace_cons--meetups",FIRSTdotOrg
"etc_meatspace_cons--meetups",froscon
"etc_meatspace_cons--meetups",GoBlockCon
"etc_meatspace_cons--meetups",GrrCON
"etc_meatspace_cons--meetups",HackerJeopardy
"etc_meatspace_cons--meetups",HackerPyramid
"etc_meatspace_cons--meetups",HackInBo
"etc_meatspace_cons--meetups",hackitua
"etc_meatspace_cons--meetups",hackmiami
"etc_meatspace_cons--meetups",HackWEEKDAY
"etc_meatspace_cons--meetups","hardwear_io"
"etc_meatspace_cons--meetups",HITBAMSCTF
"etc_meatspace_cons--meetups",HITBGSEC
"etc_meatspace_cons--meetups",HITBHaxpo
"etc_meatspace_cons--meetups",HITBSecConf
"etc_meatspace_cons--meetups",hopeconf
"etc_meatspace_cons--meetups",HouLockSport
"etc_meatspace_cons--meetups",HoustonHackers
"etc_meatspace_cons--meetups",HushCon
"etc_meatspace_cons--meetups","ICS_Village"
"etc_meatspace_cons--meetups",ImprovHacker
"etc_meatspace_cons--meetups",indybsides
"etc_meatspace_cons--meetups",InfiltrateCon
"etc_meatspace_cons--meetups",IoTvillage
"etc_meatspace_cons--meetups",kansasfest
"etc_meatspace_cons--meetups",KasperskySAS
"etc_meatspace_cons--meetups",LASCONATX
"etc_meatspace_cons--meetups",LocoMocoSec
"etc_meatspace_cons--meetups",MiSec
"etc_meatspace_cons--meetups",nbtcon
"etc_meatspace_cons--meetups","nola_con"
"etc_meatspace_cons--meetups",Nullblr
"etc_meatspace_cons--meetups",nullcon
"etc_meatspace_cons--meetups",nysecsec
"etc_meatspace_cons--meetups",OSMOSISCon
"etc_meatspace_cons--meetups",owasp
"etc_meatspace_cons--meetups","OWASP_RI"
"etc_meatspace_cons--meetups",OWASPBOSTON
"etc_meatspace_cons--meetups",OWASPBrooklyn
"etc_meatspace_cons--meetups",OWASPLondon
"etc_meatspace_cons--meetups",OWASPMaine
"etc_meatspace_cons--meetups",owaspnyc
"etc_meatspace_cons--meetups",PQCryptoConf
"etc_meatspace_cons--meetups",pumpcon
"etc_meatspace_cons--meetups",PwnieAwards
"etc_meatspace_cons--meetups","py_bay"
"etc_meatspace_cons--meetups",RSAConference
"etc_meatspace_cons--meetups",ruxcon
"etc_meatspace_cons--meetups",SAINTCON
"etc_meatspace_cons--meetups",SecurityBSides
"etc_meatspace_cons--meetups",SHA2017Badge
"etc_meatspace_cons--meetups",SHA2017Camp
"etc_meatspace_cons--meetups",ShabbatCon
"etc_meatspace_cons--meetups",shakacon
"etc_meatspace_cons--meetups",showercon
"etc_meatspace_cons--meetups",SkyDogCon
"etc_meatspace_cons--meetups","Steel_Con"
"etc_meatspace_cons--meetups",SummerC0n
"etc_meatspace_cons--meetups",TandilSec
"etc_meatspace_cons--meetups",telephreak
"etc_meatspace_cons--meetups",The303Community
"etc_meatspace_cons--meetups",thotcon
"etc_meatspace_cons--meetups",toorcon
"etc_meatspace_cons--meetups",USENIXSecurity
"etc_meatspace_cons--meetups",wallofsheep
"etc_meatspace_cons--meetups",WEareTROOPERS
"etc_meatspace_cons--meetups",WhiskeyHackers
"etc_meatspace_cons--meetups","WiFi_Village"
"etc_meatspace_cons--meetups",WWHackinFest
"etc_meatspace_cons--meetups",ZeroNights
"etc_meatspace_cons--meetups",shmoocon
"etc_meatspace_cons--meetups",thotcon
"etc_meatspace_cons--meetups",notacon
"etc_meatspace_cons--meetups",DragonJARCon
